{
  "1": {
    "result": "Success",
    "time": 6.250105142593384,
    "mqNum": 385,
    "eqNum": 15,
    "testNum": 8648,
    "passingRate": 0.9998843663274746
  }
}