{
  "1": {
    "result": "Success",
    "time": 25.291810035705566,
    "mqNum": 568,
    "eqNum": 39,
    "testNum": 41192,
    "passingRate": 0.9986405127209167
  }
}