{
  "1": {
    "result": "Success",
    "time": 11.271629095077515,
    "mqNum": 201,
    "eqNum": 6,
    "testNum": 20334,
    "passingRate": 0.9724107406314547
  }
}