{
  "1": {
    "result": "Success",
    "time": 281.2290987968445,
    "mqNum": 1738,
    "eqNum": 28,
    "testNum": 73821,
    "passingRate": 0.9999864537191314
  },
  "2": {
    "result": "Success",
    "time": 267.05726432800293,
    "mqNum": 1190,
    "eqNum": 23,
    "testNum": 27306,
    "passingRate": 0.999926756024317
  },
  "3": {
    "result": "Success",
    "time": 564.2913870811462,
    "mqNum": 2289,
    "eqNum": 43,
    "testNum": 130269,
    "passingRate": 1.0
  },
  "4": {
    "result": "Success",
    "time": 467.181764125824,
    "mqNum": 2555,
    "eqNum": 25,
    "testNum": 44206,
    "passingRate": 0.9999095145455368
  },
  "5": {
    "result": "Success",
    "time": 2540.6455438137054,
    "mqNum": 4612,
    "eqNum": 47,
    "testNum": 124788,
    "passingRate": 0.9999439048626471
  },
  "6": {
    "result": "Success",
    "time": 278.4750247001648,
    "mqNum": 1478,
    "eqNum": 31,
    "testNum": 66341,
    "passingRate": 1.0
  },
  "7": {
    "result": "Success",
    "time": 274.38267707824707,
    "mqNum": 1348,
    "eqNum": 27,
    "testNum": 40198,
    "passingRate": 0.9999751231404548
  },
  "8": {
    "result": "Success",
    "time": 709.4794270992279,
    "mqNum": 2200,
    "eqNum": 32,
    "testNum": 98466,
    "passingRate": 1.0
  },
  "9": {
    "result": "Success",
    "time": 139.41627287864685,
    "mqNum": 654,
    "eqNum": 21,
    "testNum": 23031,
    "passingRate": 0.9999565802613868
  },
  "10": {
    "result": "Success",
    "time": 594.5222880840302,
    "mqNum": 2783,
    "eqNum": 28,
    "testNum": 40377,
    "passingRate": 0.999925700274909
  }
}