{
  "1": {
    "result": "Success",
    "time": 14.358050107955933,
    "mqNum": 282,
    "eqNum": 28,
    "testNum": 60938,
    "passingRate": 0.9999835898782369
  }
}