{
  "1": {
    "result": "Success",
    "time": 3.5992398262023926,
    "mqNum": 164,
    "eqNum": 13,
    "testNum": 5442,
    "passingRate": 0.9933847850055126
  }
}