{
  "1": {
    "result": "Success",
    "time": 19.313514947891235,
    "mqNum": 212,
    "eqNum": 8,
    "testNum": 27532,
    "passingRate": 0.9994915007990701
  }
}